{
    "sum": 1717488460,
    "min": 1414,
    "max": 999984,
    "mean": 489173.58587297064,
    "std_dev": 287559.82374811947
}