{
    "sum": 948774103.98,
    "min": 28858.37,
    "max": 9928360.1,
    "mean": 5100936.042903226,
    "std_dev": 2966721.690389195
}