{
    "sum": 21486,
    "min": 101,
    "max": 494,
    "mean": 294.32876712328766,
    "std_dev": 104.64145858790076
}