{
    "sum": 10613990,
    "min": 2002,
    "max": 8000,
    "mean": 4969.096441947566,
    "std_dev": 1708.9791176074234
}